building,MAPE,NMBE,CVRSME,RSQUARED
Office_Jett,265.3123783178644,-15.619525151172667,83.92621062618335,-0.035896798946488895
Office_Jesus,326.19493507593967,-4.252033275282522,40.51546919600285,-0.011141983578731418
Office_Cristina,27.83726720925231,0.886261418198352,29.169909230366983,-0.0009243819293465184
