building,MAPE,NMBE,CVRSME,RSQUARED
Office_Jett,198.34646251687832,-34.24227782643496,63.929375305254645,-0.4025756356728132
Office_Jesus,92.2495511737562,10.100462969404832,36.53189380486518,-0.08281092638543043
Office_Cristina,42.57389522093165,-18.183349411182245,37.81627887347011,-0.30090974238440205
