building,MAPE,NMBE,CVRSME,RSQUARED
Office_Jett,209.4625096566645,-132.22873300033245,144.81880443240613,-5.026358236949391
Office_Jesus,32.987793624853786,26.239991915578447,41.836166000593884,-0.6489909648204035
Office_Cristina,39.92336275496654,-13.536188859700339,35.7686027745208,-0.1672425161504818
