,MAPE,NMBE,CVRSME,RSQUARED
Office_Cristina,31.48652791375246,-1.4879135920651274,31.649425974673346,-0.0022160616661179855
Office_Jesus,147.472717445552,9.316838322023584,39.557826365804324,-0.05875781584640505
