,MAPE,NMBE,CVRSME,RSQUARED
Office_Cristina,21.199458106454106,0.45601705302225254,25.044352416553643,0.37244860964320503
Office_Jesus,133.63532064910333,8.831195902194585,35.02563789605391,0.16995068274967196
