,MAPE,NMBE,CVRSME,RSQUARED
Office_Cristina,16.23432854530993,0.6764609008623663,19.45383065676439,0.6213482699709816
Office_Jesus,137.9489491557483,7.9181051672897835,29.300056711662194,0.4191436900261518
