,MAPE,NMBE,CVRSME,RSQUARED
Office_Cristina,20.65202885301864,0.1001960325641531,22.530352628320994,0.4921146785475713
Office_Jesus,142.8958940375803,10.560523524576228,32.27225861139455,0.2953223265795163
