,MAPE,NMBE,CVRSME,RSQUARED
Office_Cristina,21.225875713031922,1.0541924066325037,24.66763121007184,0.39118607506649883
Office_Jesus,134.70437929126072,6.739775266157466,29.87613631055983,0.39607827319401756
