,MAPE,NMBE,CVRSME,RSQUARED
Office_Cristina,16.070259089680988,-1.4344419138402902,18.733664789756222,0.6488641490837054
Office_Jesus,141.57330155600621,9.068566489658124,29.20309199798763,0.4229818648287257
