,MAPE,NMBE,CVRSME,RSQUARED
Office_Cristina,42.067271343537385,29.10413765779761,49.87841566509433,-1.4891724380813192
Office_Jesus,160.08890570774994,-5.113080944668592,29.643796095734793,0.4054348848716135
