,MAPE,NMBE,CVRSME,RSQUARED
Office_Cristina,23.530180538071267,0.63944348481785,25.816929493057636,0.3331335622920667
Office_Jesus,147.94449273541815,7.20746303325496,37.68660643713704,0.03903879675298849
