,MAPE,NMBE,CVRSME,RSQUARED
Office_Cristina,21.183971589906896,3.1230423681493504,23.341575626790274,0.45488262983112226
Office_Jesus,152.87857827020383,3.3643004865603876,28.92837994417283,0.43378676665678695
