,MAPE,NMBE,CVRSME,RSQUARED
Office_Cristina,27.086057495078965,1.0166219886345862,28.589986502921278,0.18218026965653822
Office_Jesus,143.98697775733626,4.097141967907661,31.455292481301637,0.330548305538116
