,MAPE,NMBE,CVRSME,RSQUARED
Office_Cristina,17.858183102422007,0.4656609718135961,21.38615456575262,0.5423904430701022
Office_Jesus,131.01868771972406,8.172203866096709,31.066091793328617,0.34701225309398087
