,MAPE,NMBE,CVRSME,RSQUARED
Office_Cristina,21.384634485764074,0.517152228279596,25.316739821903553,0.3587236256494244
Office_Jesus,130.94593439821443,8.985014310236568,34.0551613661976,0.21531080121944068
