,MAPE,NMBE,CVRSME,RSQUARED
UnivDorm_Carla,22.0244845567063,1.313929643053715,23.734816004642077,-0.0030754084398900705
UnivDorm_Claudia,24.74778478086078,-7.409230522399411,26.050403954909317,-0.08805739439966054
UnivDorm_Una,49.06287174742537,-1.607481831498412,40.22128669323165,-0.0016005583834504122
