,MAPE,NMBE,CVRSME,RSQUARED
UnivClass_Camden,31.684797623144412,-3.4398555137478803,37.05117312523733,-0.008698302385510281
UnivClass_Tammy,65.04211731312543,-0.3988166676866048,55.91804540556246,-5.0893401013940576e-05
UnivClass_Tamra,150.07745711794166,16.29085040193253,98.81413565372087,-0.027952399813860662
