,MAPE,NMBE,CVRSME,RSQUARED
UnivLab_Bethany,18.765814725122816,-2.0090109011343182,22.625896070491926,-0.007950398685978355
UnivLab_Crystal,6.334665174058599,-3.992266830838621,7.272671570319439,-0.4315831547929214
UnivLab_Paul,12.888545449378553,-5.323847439077367,14.527242742303608,-0.15521941066269873
