,MAPE,NMBE,CVRSME,RSQUARED
PrimClass_Jaylin,253.54604736371846,-35.918194856392994,125.55364317163284,-0.08917984166824922
PrimClass_Jolie,410.1061480747455,-37.805083502964955,134.59424479383853,-0.08569425317096568
PrimClass_Uma,74.49973459733478,-6.1364720503583055,71.40232236531818,-0.007444416727188763
