,MAPE,NMBE,CVRSME,RSQUARED
Office_Cristina,19.391880912638175,0.31110421090563156,23.17412809017922,0.4626756902216318
Office_Jesus,131.3697755558292,8.576143794149983,32.82315520352936,0.27105889251576154
