,MAPE,NMBE,CVRSME,RSQUARED
Office_Cristina,491.76401191704684,-34.16205833864936,1439.5829752350294,-2072.4954524059704
Office_Jesus,184.46687848774855,22.525918992863506,312.3900610919685,-65.02770552755786
