,MAPE,NMBE,CVRSME,RSQUARED
Office_Cristina,21.14803887039919,2.197376546955598,23.01944047122325,0.46982504339846154
Office_Jesus,143.94642722656306,9.890877806642619,31.734906426762116,0.31859355990972216
